id;postid;postname;url;descrption;votecount
1;7bb689d8-0faf-4465-a205-18cc57406198;overriding Guadeloupe;https://krystina.name;Isle;80084
2;f6b38356-f8d1-4b71-84d0-45a94e5c6d5f;Costa Shoes;https://conner.name;withdrawal Sleek Netherlands;5985
3;42b89b51-c801-4616-8faa-6df4d8c95041;bandwidth Fundamental redefine;https://federico.net;withdrawal matrix synergize;87797
4;4fc859c4-d808-4743-a2aa-0e6d5f68d197;Savings Metal;http://kathryn.net;Executive Fantastic;75515
5;d19a31f0-cb02-4090-8c45-67337db89ddd;Checking ubiquitous;http://ashley.com;override pricing contingency;90078
6;e898e4b2-7fbd-4b0e-aa6a-676a2ec37d7f;Handcrafted;http://cornell.name;Persistent;745
7;3ca50008-ff6a-4bd9-a83d-aebf50b2c3ba;Gorgeous Borders Peso;https://deanna.info;generate;43691
8;b251c929-b3bb-45cb-975f-76f7ef173617;Upgradable Research recontextualize;https://kareem.biz;invoice;3168
9;8b7718df-f0d6-4907-a72d-28fa9b0906af;Quality Handmade deposit;https://nikita.info;Avon;73673
10;022646a2-9138-4bdd-8bee-efc69d0f096c;Designer Lempira;http://maddison.name;Human virtual Garden;7706
