id;subtimecapsuleid;subtimecapsulename;description;createdate
1;1b79bf7e-9b46-401e-aa1d-821a1e48d904;Lead innovative Managed;Dollar Granite database;2023-01-04T07:36:13
2;5bfe41e1-8e08-4e7a-a037-3ddd5d8df06c;Program;yellow copying;2023-01-04T23:35:33
3;30889a79-5935-47b5-898b-b2a9bc463beb;Secured;Director Minnesota Accounts;2023-01-04T16:40:30
4;e8e093e6-0cbe-4947-a195-98acfc3dcd7d;green repurpose methodical;matrix programming withdrawal;2023-01-04T18:09:19
5;b0f99c86-e86a-42e8-8bff-086ca0e5e015;extend USB Analyst;SAS calculating bandwidth;2023-01-05T01:43:33
6;c1fcdd18-44d5-4414-a41c-7d815d8daf8e;Garden User-centric;Peso Iowa yellow;2023-01-04T12:39:47
7;9aa09b84-a885-4f70-ac69-a7a0bcbb768f;Maldives online;Assistant Incredible Account;2023-01-04T15:37:50
8;5387c084-7d48-4840-a5d7-a97a274988e2;Bedfordshire;deposit visionary;2023-01-04T21:07:04
9;60b847be-f696-40ca-8a8d-5dddf1102335;fresh-thinking;Manager payment;2023-01-04T10:55:21
10;37672a85-3272-48a0-b9e9-e30efdf44b88;optimal empowering;transmitting Business-focused bricks-and-clicks;2023-01-04T14:38:33
