id;tokenid;token;expirydate
1;fc1a7cd4-a6bc-4143-b6ad-012234bade68;Configuration Cotton;2023-01-04T07:57:49
2;a628b665-5e33-4483-9784-d10c7ac56538;El communities;2023-01-05T00:54:08
3;09f305bc-50b2-4a8a-893d-5ddd9b30482d;Mobility;2023-01-04T10:01:40
4;8b8ba442-bdab-460b-9cb1-05a226e4eca9;Tasty withdrawal scalable;2023-01-04T18:45:37
5;0a879436-d3cf-454e-a259-d4d80e7436bd;solutions ubiquitous Accountability;2023-01-04T20:42:09
6;edd2bcaa-7da5-4fe6-aa04-7e966f9b86d6;Loan;2023-01-04T11:25:09
7;88803181-f0cb-4a17-a8b1-8167b74f3691;Plastic;2023-01-04T06:56:07
8;d27159d4-e25e-49e5-abbf-9115713b2d4e;Intranet service-desk Pennsylvania;2023-01-04T18:26:34
9;d584bcd9-a86a-4857-b138-fc07938ec13d;Rubber Granite;2023-01-04T18:15:23
10;8548c06a-8880-4379-b2e6-1a8bab019ba6;South;2023-01-04T13:01:29
